company,document_title,document_url
https://www.borouge.com/en/investor-relations/Pages/announcements.aspx,Borouge Fact Sheet,https://www.borouge.com/en/media/Documents/Company%20FactSheet/Borouge%20Fact%20Sheet.pdf
https://space42.ai/en/investor-relations/,board director remuneration for 1 january to 31 december 2025 eng and ar,https://space42.ai:443/-/media/space42/downloads/ir/agm-2026/board-director-remuneration-for-1-january-to-31-december-2025-eng-and-ar.ashx
https://space42.ai/en/investor-relations/,space42 plc separate and consolidated financial statements signed dec25 english,https://space42.ai:443/-/media/space42/downloads/ir/financial-reports/space42-plc--separate-and-consolidated-financial-statements-signed-dec25-english.ashx
https://space42.ai/en/investor-relations/,annual general meeting on 8 april 2026,https://space42.ai:443/-/media/space42/downloads/ir/agm-2026/annual-general-meeting-on-8-april-2026.ashx
https://space42.ai/en/investor-relations/,space42 plc group consolidated financial statements mar26 english,https://space42.ai:443/-/media/space42/space42-plc-group-consolidated-financial-statements-mar26-english.ashx
https://space42.ai/en/investor-relations/,space42 q1 2026 results presentation,https://space42.ai:443/-/media/space42/space42-q1-2026-results-presentation.ashx?la=en&hash=B75D9DF57DB81279A7B70959C454D0A5337A10B6
https://space42.ai/en/investor-relations/,space42 fy 2025 results presentation,https://space42.ai:443/-/media/space42/downloads/ir/financial-information/reports-presentations/space42-fy-2025-results-presentation.ashx?la=en&hash=F773824EB31105434D0D0A4A963E22753CCF707B
https://space42.ai/en/investor-relations/,space42 annual report 2025 english,https://space42.ai:443/-/media/space42/downloads/ir/annual-reports/space42-annual-report-2025-english.ashx
https://space42.ai/en/investor-relations/,space42 governance report 2025 english,https://space42.ai:443/-/media/space42/downloads/ir/governance-reports/space42-governance-report-2025-english.ashx
https://space42.ai/en/investor-relations/,investor day november 25th 2025,https://space42.ai:443/-/media/space42/investor-day--november-25th-2025.ashx
https://space42.ai/en/investor-relations/,space42 investors presentation november 2025,https://space42.ai:443/-/media/space42/space42-investors-presentation---november-2025.ashx?la=en&hash=CE1CA0F76365EE7DA7086C44445EA5B0778CE9D6
https://space42.ai/en/investor-relations/,space42 group consolidated financial statements q3 2025 engocr,https://space42.ai:443/-/media/space42-group-consolidated-financial-statements-q3-2025-engocr.ashx
https://space42.ai/en/investor-relations/,space42 9m 2025 results presentation ocr,https://space42.ai:443/-/media/space42-9m-2025-results-presentation--ocr.ashx?la=en&hash=19047EF9C112BA5BBF66CA63D16374A7F77B4A58
https://space42.ai/en/investor-relations/,space42 plc consolidated financial statements h1 2025,https://space42.ai:443/-/media/space42-plc-consolidated-financial-statements---h1-2025.ashx
https://space42.ai/en/investor-relations/,space42 h1 2025 results presentation 060825ocr,https://space42.ai:443/-/media/space42/downloads/ir/space42-h1-2025-results-presentation--060825ocr.ashx?la=en&hash=67D6115ACBF2D9A9A4C04E6B29C57441AA97378C
https://space42.ai/en/investor-relations/,250804 space42 h1 2025 earnings release final en ocr (2),https://space42.ai:443/-/media/space42/downloads/ir/press-release/250804---space42-h1-2025-earnings-release---final_en-ocr-(2).ashx?la=en&hash=BB8BC3E7F3A1A964C2758E1AC600C0DD464D065E
https://space42.ai/en/investor-relations/,space42 plc consolidated financial statements q125 english,https://space42.ai:443/-/media/space42-plc-consolidated-financial-statements-q125-english.ashx
https://space42.ai/en/investor-relations/,space42 q1 2025 results presentation,https://space42.ai:443/-/media/space42/downloads/ir/financial-information/reports-presentations/space42-q1-2025-results-presentation.ashx?la=en&hash=7011C480D9FD22A25454D0C57EF9B7A093205E89
https://space42.ai/en/investor-relations/,space42 q1 2025 earnings press release,https://space42.ai:443/-/media/space42/downloads/ir/press-release/space42-q1-2025-earnings-press-release.ashx?la=en&hash=32A81DB1B8E95DB858BAD12B6876AA1AEE52EA13
https://space42.ai/en/investor-relations/,space42 2024 consolidated financial statements eng (2),https://space42.ai:443/-/media/space42/downloads/ir/agm-2025/space42---2024-consolidated-financial-statements---eng-(2).ashx
https://space42.ai/en/investor-relations/,space42 fy 2024 results presentation 27022025,https://space42.ai:443/-/media/space42/downloads/ir/financial-information/reports-presentations/space42-fy-2024-results-presentation--27022025.ashx?la=en&hash=63B9CFAEB368D49B0C0616F29741D3D4391483CB
https://space42.ai/en/investor-relations/,250219 space42 fy 2024 results prl final eng,https://space42.ai:443/-/media/space42/downloads/ir/press-release/250219---space42-fy-2024-results-prl---final-eng.ashx?la=en&hash=9CBC18EC7FF26A8E7DB60937D6C347A17C3522AF
https://space42.ai/en/investor-relations/,space42 ar2024 eng,https://space42.ai:443/-/media/space42/downloads/ir/annual-reports/ar/space42-ar2024-eng.ashx
https://space42.ai/en/investor-relations/,space42 governance report 2024 final eng,https://space42.ai:443/-/media/space42/downloads/ir/governance-reports/space42-governance-report-2024-final-eng.ashx
https://space42.ai/en/investor-relations/,space42 sustainability report 2024 english compressed,https://space42.ai:443/-/media/space42/downloads/sustainabilty/space42-sustainability-report-2024---english-compressed.ashx
https://space42.ai/en/investor-relations/,space42 investors day presentation 271124,https://space42.ai:443/-/media/space42/downloads/ir/financial-information/reports-presentations/space42-investors-day-presentation-271124.ashx
https://space42.ai/en/investor-relations/,20241107 space42 9m 2024 results presentation,https://space42.ai:443/-/media/space42/downloads/ir/financial-information/reports-presentations/20241107_space42-9m-2024-results-presentation.ashx
https://space42.ai/en/investor-relations/,q22024bayanat ai plc june24 signed copy,https://space42.ai:443/-/media/space42/downloads/ir/annual-reports/q22024bayanat-ai-plc-june24-signed-copy.ashx
https://space42.ai/en/investor-relations/,yahsat q2 2024 financial statements en,https://space42.ai:443/-/media/space42/downloads/ir/annual-reports/yahsat-q2-2024-financial-statements-en.ashx
https://space42.ai/en/investor-relations/,merger presentation,https://space42.ai:443/-/media/space42/downloads/ir/financial-information/key-figures/merger-presentation.ashx
https://space42.ai/en/investor-relations/,bayanat 2024 q1,https://space42.ai:443/-/media/space42/downloads/ir/financial-information/reports-presentations/bayanat-2024-q1.ashx
https://space42.ai/en/investor-relations/,bayanat q1 2024 financial press release,https://space42.ai:443/-/media/space42/downloads/ir/press-release/bayanat-q1-2024-financial-press-release.ashx?la=en&hash=212C5BBDDEC1B0A1BABCDAA1A45BAAC19E09B5B8
https://space42.ai/en/investor-relations/,yahsat q1 2024 financial statements en,https://space42.ai:443/-/media/space42/downloads/ir/annual-reports/yahsat-q1-2024-financial-statements-en.ashx
https://space42.ai/en/investor-relations/,bayanat 2023 fy,https://space42.ai:443/-/media/space42/downloads/ir/annual-reports/bayanat-2023-fy.ashx
https://space42.ai/en/investor-relations/,bayanat fy 2023 financial press release,https://space42.ai:443/-/media/space42/downloads/ir/press-release/bayanat-fy-2023-financial-press-release.ashx?la=en&hash=8A78D5200BABF8579189280C74D0BCBF21C74E11
https://space42.ai/en/investor-relations/,fsq42023yahsat financial statements eng,https://space42.ai:443/-/media/space42/downloads/ir/annual-reports/en/yahsat/fsq42023yahsat--financial-statements-eng.ashx
https://space42.ai/en/investor-relations/,bayanat 2023 q3,https://space42.ai:443/-/media/space42/downloads/ir/financial-information/reports-presentations/bayanat-2023-q3.ashx
https://space42.ai/en/investor-relations/,fs q3 2023 yahsat financial statements en,https://space42.ai:443/-/media/space42/downloads/ir/annual-reports/en/yahsat/fs-q3-2023-yahsat--financial-statements-en.ashx
https://space42.ai/en/investor-relations/,bayanat 2023 q2,https://space42.ai:443/-/media/space42/downloads/ir/financial-information/reports-presentations/bayanat-2023-q2.ashx
https://space42.ai/en/investor-relations/,fs q2 2023 yahsat financial statements en,https://space42.ai:443/-/media/space42/downloads/ir/annual-reports/en/yahsat/fs-q2--2023--yahsat-financial-statements-en.ashx
https://space42.ai/en/investor-relations/,bayanat 2023 q1,https://space42.ai:443/-/media/space42/downloads/ir/financial-information/reports-presentations/bayanat-2023-q1.ashx
https://space42.ai/en/investor-relations/,fs q1 2023 yahsat q1 2023 financial statements en,https://space42.ai:443/-/media/space42/downloads/ir/annual-reports/en/yahsat/fs-q1-2023-yahsat-q1-2023-financial-statements-en.ashx
https://space42.ai/en/investor-relations/,bayanat 2022 fy,https://space42.ai:443/-/media/space42/downloads/ir/annual-reports/bayanat-2022-fy.ashx
https://space42.ai/en/investor-relations/,fs q4 2022 yahsat financial statements en,https://space42.ai:443/-/media/space42/downloads/ir/annual-reports/en/yahsat/fs-q4-2022-yahsat--financial-statements-en.ashx
https://space42.ai/en/investor-relations/,bayanat 2022 q3,https://space42.ai:443/-/media/space42/downloads/ir/financial-information/reports-presentations/bayanat-2022-q3.ashx
https://space42.ai/en/investor-relations/,fs q3 2022 yahsat financial statements en,https://space42.ai:443/-/media/space42/downloads/ir/annual-reports/en/yahsat/fs--q3-2022--yahsat-financial-statements-en.ashx
https://space42.ai/en/investor-relations/,bayanat 2022 q2,https://space42.ai:443/-/media/space42/downloads/ir/financial-information/reports-presentations/bayanat-2022-q2.ashx
https://space42.ai/en/investor-relations/,fs q2 2022 yahsat signed group interim financial statements english,https://space42.ai:443/-/media/space42/downloads/ir/annual-reports/en/yahsat/fs-q2-2022-yahsat-signed-group-interim-financial-statements-english.ashx
https://space42.ai/en/investor-relations/,bayanat 2022 q1,https://space42.ai:443/-/media/space42/downloads/ir/financial-information/reports-presentations/bayanat-2022-q1.ashx
https://space42.ai/en/investor-relations/,yahsat 1q 2022 results presentation,https://space42.ai:443/-/media/yahsat-1q-2022-results-presentation.ashx
https://space42.ai/en/investor-relations/,bayanat 2021 fy,https://space42.ai:443/-/media/space42/downloads/ir/annual-reports/bayanat-2021-fy.ashx
https://space42.ai/en/investor-relations/,fs q4 2021 yahsat group audited financial statements english,https://space42.ai:443/-/media/space42/downloads/ir/annual-reports/en/yahsat/fs-q4-2021--yahsat-group-audited-financial-statements-english.ashx
https://space42.ai/en/investor-relations/,yahsat q3 earnings announcement english final approved 06112021b,https://space42.ai:443/-/media/yahsat/investor-relations/company-announcements/yahsat-q3-earnings-announcement---english---final-approved---06112021b.ashx
https://space42.ai/en/investor-relations/,bayanat 2020 fy,https://space42.ai:443/-/media/space42/downloads/ir/annual-reports/bayanat-2020-fy.ashx
https://space42.ai/en/investor-relations/,bayanat 2019 fy,https://space42.ai:443/-/media/space42/downloads/ir/annual-reports/bayanat-2019-fy.ashx
https://space42.ai/en/investor-relations/,space42 ar2024 eng,https://space42.ai:443/-/media/space42/downloads/ir/annual-reports/space42-ar2024-eng.ashx
https://space42.ai/en/investor-relations/,yahsat ar2023,https://space42.ai:443/-/media/space42/downloads/ir/annual-reports/yahsat-ar2023.ashx
https://space42.ai/en/investor-relations/,yahsat ar2022,https://space42.ai:443/-/media/space42/downloads/ir/annual-reports/yahsat-ar2022.ashx
https://space42.ai/en/investor-relations/,yahsat ar2021,https://space42.ai:443/-/media/space42/downloads/ir/annual-reports/yahsat-ar2021.ashx
https://space42.ai/en/investor-relations/,space42 2025 sustainability report english,https://space42.ai:443/-/media/space42/downloads/sustainabilty/space42-2025-sustainability-report-english.ashx
https://space42.ai/en/investor-relations/,bayanat integrated report 2023,https://space42.ai:443/-/media/space42/downloads/sustainabilty/bayanat-integrated-report-2023.ashx
https://space42.ai/en/investor-relations/,bayanat integrated report 2022,https://space42.ai:443/-/media/space42/downloads/sustainabilty/bayanat-integrated-report-2022.ashx
https://space42.ai/en/investor-relations/,240403 yahsat sustainability report english (3),https://space42.ai:443/-/media/space42/downloads/sustainabilty/240403-yahsat-sustainability-report_english-(3).ashx
https://space42.ai/en/investor-relations/,230531 yahsat sustainability report eng v14,https://space42.ai:443/-/media/space42/downloads/sustainabilty/230531_yahsat_sustainability_report_eng_v14.ashx
https://space42.ai/en/investor-relations/,yahsat sustainability report 2021 v3,https://space42.ai:443/-/media/space42/downloads/sustainabilty/yahsat-sustainability-report-2021-v3.ashx
https://space42.ai/en/investor-relations/,esg basis of reporting,https://space42.ai:443/-/media/space42/downloads/sustainabilty/esg-basis-of-reporting.ashx
https://www.americanarestaurants.com/investors/company-announcements/,Privacy Policy,https://www.americanarestaurants.com/wp-content/uploads/2022/10/Privacy-Policy.pdf
https://albuhaira.com/financial-reports,Annual General Meeting 25/04/2026 - Minutes,https://albuhaira.com/assets/reports/financial-reports/0311_001.pdf
https://albuhaira.com/financial-reports,Invitation to Attend Annual General Meeting on 25/04/2026 at 11:00,https://albuhaira.com/assets/reports/financial-reports/4805928.pdf
https://albuhaira.com/financial-reports,ABNIC FS YE 31 DEC 2025 ENGLISH,https://albuhaira.com/assets/reports/financial-reports/ABNIC-FS-YE-31-DEC-2025-ENGLISH.pdf
https://albuhaira.com/financial-reports,"Management Report for the Period Ended December 31, 2025",https://albuhaira.com/assets/reports/financial-reports/4798371.pdf
https://albuhaira.com/financial-reports,english integrated report abnic,https://albuhaira.com/assets/reports/financial-reports/english-integrated-report-abnic.pdf
https://albuhaira.com/financial-reports,By Circulation of Board Meeting to be held on 31/03/2026 at 12:00,https://albuhaira.com/assets/reports/financial-reports/4795256.pdf
https://albuhaira.com/financial-reports,V8 ABNIC Al Buhaira SR 2025 compressed,https://albuhaira.com/assets/reports/financial-reports/V8_ABNIC_Al Buhaira SR_2025_compressed.pdf
https://albuhaira.com/financial-reports,"Corporate Governance Report for the year ended December 31, 2025",https://albuhaira.com/assets/reports/financial-reports/4792966.pdf
https://albuhaira.com/financial-reports,Board Meeting Results held on 26/03/2026 at 12:30,https://albuhaira.com/assets/reports/financial-reports/4790365.pdf
https://albuhaira.com/financial-reports,Announcement of Board Meeting to be held on 26/03/2026 at 12:00,https://albuhaira.com/assets/reports/financial-reports/4782569.pdf
https://albuhaira.com/financial-reports,"Preliminary Financial Results for the Period Ended December 31, 2025",https://albuhaira.com/assets/reports/financial-reports/4699943.pdf
https://albuhaira.com/financial-reports,Board Meeting Results held on 12/02/2026 at 10:30,https://albuhaira.com/assets/reports/financial-reports/4697937.pdf
https://albuhaira.com/financial-reports,Announcement of Board Meeting to be held on 12/02/2026 at 10:30,https://albuhaira.com/assets/reports/financial-reports/4692357.pdf
https://albuhaira.com/financial-reports,Board Meeting Results held on 30/01/2026 at 10:00,https://albuhaira.com/assets/reports/financial-reports/4674599.pdf
https://albuhaira.com/financial-reports,Central Bank of the UAE approvals,https://albuhaira.com/assets/reports/financial-reports/4677701.pdf
https://albuhaira.com/financial-reports,Form for Disclosing changes in the company's administrative Structure,https://albuhaira.com/assets/reports/financial-reports/4678082.pdf
https://albuhaira.com/financial-reports,By Circulation of Board Meeting to be held on 30/01/2026 at 10:00,https://albuhaira.com/assets/reports/financial-reports/4670731.pdf
https://albuhaira.com/financial-reports,Board Meeting Results held on 24/12/2025 at 10:30,https://albuhaira.com/assets/reports/financial-reports/4637069.pdf
https://albuhaira.com/financial-reports,Announcement of Board Meeting to be held on 24/12/2025 at 10:30,https://albuhaira.com/assets/reports/financial-reports/4636729.pdf
https://albuhaira.com/financial-reports,"Financial Results for the Period Ended September 30, 2025",https://albuhaira.com/assets/reports/financial-reports/4597462.pdf
https://albuhaira.com/financial-reports,Board Meeting Results held on 12/11/2025 at 10:30,https://albuhaira.com/assets/reports/financial-reports/4598033.pdf
https://albuhaira.com/financial-reports,"Board of Directors Report for the Period Ended September 30, 2025",https://albuhaira.com/assets/reports/financial-reports/4597750.pdf
https://albuhaira.com/financial-reports,Announcement of Board Meeting to be held on 12/11/2025 at 10:30,https://albuhaira.com/assets/reports/financial-reports/4589846.pdf
https://albuhaira.com/financial-reports,Board Meeting Results held on 29/10/2025 at 10:30,https://albuhaira.com/assets/reports/financial-reports/4577110.pdf
https://albuhaira.com/financial-reports,Announcement of Board Meeting to be held on 29/10/2025 at 10:30,https://albuhaira.com/assets/reports/financial-reports/4568889.pdf
https://albuhaira.com/financial-reports,Board Meeting Results held on 14/08/2025 at 10:30,https://albuhaira.com/assets/reports/financial-reports/4488815.pdf
https://albuhaira.com/financial-reports,"Financial Results for the Period Ended June 30, 2025",https://albuhaira.com/assets/reports/financial-reports/4488814.pdf
https://albuhaira.com/financial-reports,"Board of Directors' Report for the Period Ended June 30, 2025",https://albuhaira.com/assets/reports/financial-reports/4488149.pdf
https://albuhaira.com/financial-reports,Announcement of Board Meeting to be held on 14/08/2025 at 10:30,https://albuhaira.com/assets/reports/financial-reports/4478178.pdf
https://albuhaira.com/financial-reports,Board Meeting Results held on 25/07/2025 at 10:00,https://albuhaira.com/assets/reports/financial-reports/4462002.pdf
https://albuhaira.com/financial-reports,"Al Buhaira National Insurance Company Preliminary Financial Results for the Period Ended December 31,2024",https://albuhaira.com/assets/reports/financial-reports/4458601.pdf
https://albuhaira.com/financial-reports,General Disclosure,https://albuhaira.com/assets/reports/financial-reports/4459095.pdf
https://albuhaira.com/financial-reports,By Circulation of Board Meeting to be held on 25/07/2025 at 10:00,https://albuhaira.com/assets/reports/financial-reports/4460160.pdf
https://albuhaira.com/financial-reports,"Board of Directors' Report for the Period Ended March 31, 2025",https://albuhaira.com/assets/reports/financial-reports/4379669.pdf
https://albuhaira.com/financial-reports,"Financial Results for the Period Ended March 31, 2025",https://albuhaira.com/assets/reports/financial-reports/4379093.pdf
https://albuhaira.com/financial-reports,Board Meeting Results held on 12/05/2025 at 11:00,https://albuhaira.com/assets/reports/financial-reports/4374774.pdf
https://albuhaira.com/financial-reports,Announcement of Board Meeting to be held on 12/05/2025 at 11:00,https://albuhaira.com/assets/reports/financial-reports/4364024.pdf
https://albuhaira.com/financial-reports,AGM Minutes held on 23/04/2025 at 11:00,https://albuhaira.com/assets/reports/financial-reports/4359076.pdf
https://albuhaira.com/financial-reports,AGM Results held on 23/04/2025 at 11:30,https://albuhaira.com/assets/reports/financial-reports/4349581.pdf
https://albuhaira.com/financial-reports,26 march 2025 integrated english,https://albuhaira.com/assets/reports/financial-reports/26-march-2025-integrated-english.pdf
https://albuhaira.com/financial-reports,Board of Directors Report / Management Report,https://albuhaira.com/assets/reports/financial-reports/4307560.pdf
https://albuhaira.com/financial-reports,Financial Report,https://albuhaira.com/assets/reports/financial-reports/4309705.pdf
https://albuhaira.com/financial-reports,Integrated Report,https://albuhaira.com/assets/reports/financial-reports/4307076.pdf
https://albuhaira.com/financial-reports,Corporate Governance Report,https://albuhaira.com/assets/reports/financial-reports/4306990.pdf
https://albuhaira.com/financial-reports,Sustainability Report,https://albuhaira.com/assets/reports/financial-reports/4307363.pdf
https://albuhaira.com/financial-reports,Preliminary Results,https://albuhaira.com/assets/reports/financial-reports/4256379.pdf
https://albuhaira.com/financial-reports,Report of accumulated losses,https://albuhaira.com/assets/reports/financial-reports/3335344.pdf
https://albuhaira.com/financial-reports,Board of Directors Report / Management Report,https://albuhaira.com/assets/reports/financial-reports/3315071.pdf
https://albuhaira.com/financial-reports,Financial Report,https://albuhaira.com/assets/reports/financial-reports/3314793.pdf
https://albuhaira.com/financial-reports,Financial Report,https://albuhaira.com/assets/reports/financial-reports/3233277.pdf
https://albuhaira.com/financial-reports,ABNIC FS PE 30 JUNE 2024 ENGLISH,https://albuhaira.com/assets/reports/financial-reports/ABNIC FS PE 30 JUNE 2024 ENGLISH.pdf
https://albuhaira.com/financial-reports,ABNIC FS PE 31 MARCH 2024 ENGLISH,https://albuhaira.com/assets/reports/financial-reports/ABNIC FS PE 31 MARCH 2024 ENGLISH.pdf
https://albuhaira.com/financial-reports,3080551 Corporate Governance Report 2023 English,https://albuhaira.com/assets/reports/financial-reports/3080551_Corporate Governance Report 2023 - English.pdf
https://albuhaira.com/financial-reports,3081272 Sustainability Report 2023 English,https://albuhaira.com/assets/reports/financial-reports/3081272_Sustainability Report 2023 English.pdf
https://albuhaira.com/financial-reports,3081181 ABNIC Integrated Report 2023 English,https://albuhaira.com/assets/reports/financial-reports/3081181_ABNIC Integrated Report 2023 - English.pdf
https://albuhaira.com/financial-reports,3079103 ABNIC FS YE 31 DEC 2023 English,https://albuhaira.com/assets/reports/financial-reports/3079103_ABNIC FS YE 31 DEC 2023 - English.pdf
https://albuhaira.com/financial-reports,3079204 BOD Reports YE 31 DEC 2023 ADX,https://albuhaira.com/assets/reports/financial-reports/3079204_BOD Reports YE 31 DEC 2023 - ADX.pdf
https://albuhaira.com/financial-reports,3069668 integrated report english,https://albuhaira.com/assets/reports/financial-reports/3069668_integrated report english.pdf
https://albuhaira.com/financial-reports,Preliminary Results,https://albuhaira.com/assets/reports/financial-reports/3057699_0821_001.pdf
https://albuhaira.com/financial-reports,2975305 BOD Reports Q3 2023 ADX,https://albuhaira.com/assets/reports/financial-reports/2975305_BOD Reports Q3 2023 - ADX.pdf
https://albuhaira.com/financial-reports,2975024 ABNIC FS PE 30 SEPT 2023 ENGLISH,https://albuhaira.com/assets/reports/financial-reports/2975024_ABNIC FS PE 30 SEPT 2023 ENGLISH.pdf
https://albuhaira.com/financial-reports,2910599 ABNIC FS PE 30 JUNE 2023 ENGLISH,https://albuhaira.com/assets/reports/financial-reports/2910599_ABNIC FS PE 30 JUNE 2023 ENGLISH.pdf
https://albuhaira.com/financial-reports,2911114 BOD Reports Q2 2023 ADX,https://albuhaira.com/assets/reports/financial-reports/2911114_BOD Reports Q2 2023 - ADX.pdf
https://albuhaira.com/financial-reports,2869849 BOD Reports Q1 2023 ADX,https://albuhaira.com/assets/reports/financial-reports/2869849_BOD Reports Q1 2023 - ADX.pdf
https://albuhaira.com/financial-reports,2869852 ABNIC FS PE 31 MARCH 2023 ENGLISH,https://albuhaira.com/assets/reports/financial-reports/2869852_ABNIC FS PE 31 MARCH 2023 ENGLISH.pdf
https://albuhaira.com/financial-reports,2833482 Corporate Governance ENG,https://albuhaira.com/assets/reports/financial-reports/2833482_Corporate Governance ENG.pdf
https://albuhaira.com/financial-reports,2822367 ABNIC Sust.Report English,https://albuhaira.com/assets/reports/financial-reports/2822367_ABNIC Sust.Report English.pdf
https://albuhaira.com/financial-reports,2799832 BOD Reports YE 31 Dec 2022 ADX (E),https://albuhaira.com/assets/reports/financial-reports/2799832_BOD Reports YE 31 Dec 2022 - ADX (E).pdf
https://albuhaira.com/financial-reports,2799834 ABNIC FS YE 31 DEC 2022 English,https://albuhaira.com/assets/reports/financial-reports/2799834_ABNIC FS YE 31 DEC  2022 - English.pdf
https://albuhaira.com/financial-reports,2769215 Preliminary 2022,https://albuhaira.com/assets/reports/financial-reports/2769215_Preliminary 2022.pdf
https://albuhaira.com/financial-reports,2718177 ABNIC FS Q3 2022 ENGLISH,https://albuhaira.com/assets/reports/financial-reports/2718177_ABNIC FS Q3 2022 - ENGLISH.pdf
https://albuhaira.com/financial-reports,2717428 BOD Reports Q3 2022 ADX,https://albuhaira.com/assets/reports/financial-reports/2717428_BOD Reports Q3 2022 - ADX.pdf
https://albuhaira.com/financial-reports,2658736 BOD Reports Q2 2022 ADX,https://albuhaira.com/assets/reports/financial-reports/2658736_BOD Reports Q2 2022 - ADX.pdf
https://albuhaira.com/financial-reports,2658826 ABNIC FS Q2 2022 ENGLISH,https://albuhaira.com/assets/reports/financial-reports/2658826_ABNIC FS Q2 2022 - ENGLISH.pdf
https://albuhaira.com/financial-reports,2521358 ABNIC FS Q1 2022 ENGLISH,https://albuhaira.com/assets/reports/financial-reports/2521358_ABNIC FS Q1 2022 - ENGLISH.pdf
https://albuhaira.com/financial-reports,2503575 Corporate Governance Report 2021 Eng. compressed,https://albuhaira.com/assets/reports/financial-reports/2503575_Corporate Governance Report 2021 Eng._compressed.pdf
https://albuhaira.com/financial-reports,2493505 BOD Report YE 31 DEC 2021 ADX,https://albuhaira.com/assets/reports/financial-reports/2493505_BOD Report  YE 31 DEC 2021 - ADX.pdf
https://albuhaira.com/financial-reports,2493588 ABNIC FS YE 31 DEC 2021 ENGLISH signed~1,https://albuhaira.com/assets/reports/financial-reports/2493588_ABNIC FS YE 31 DEC 2021 - ENGLISH signed~1.pdf
https://albuhaira.com/financial-reports,Financial Reports | Preliminary Results,https://albuhaira.com/assets/reports/financial-reports/2479109_1036_001.pdf
https://albuhaira.com/financial-reports,2434797 BOD Report Q3 2021 ADX,https://albuhaira.com/assets/reports/financial-reports/2434797_BOD Report Q3 2021 - ADX.pdf
https://albuhaira.com/financial-reports,2434805 ABNIC FS Q3 2021 English,https://albuhaira.com/assets/reports/financial-reports/2434805_ABNIC FS Q3 2021 - English.pdf
https://albuhaira.com/financial-reports,2382638 1628591557804 BOD Report Q2 2021 ADX,https://albuhaira.com/assets/reports/financial-reports/2382638_1628591557804_BOD Report Q2 2021 - ADX.pdf
https://albuhaira.com/financial-reports,2382938 ABNIC FS Q2 2021 English,https://albuhaira.com/assets/reports/financial-reports/2382938_ABNIC FS Q2 2021 - English.pdf
https://albuhaira.com/financial-reports,2325202 BOD Report Q1 2021 ADX,https://albuhaira.com/assets/reports/financial-reports/2325202_BOD Report Q1 2021 - ADX.pdf
https://albuhaira.com/financial-reports,2326859 ABNIC FS Q1 2021 English,https://albuhaira.com/assets/reports/financial-reports/2326859_ABNIC FS Q1 2021 - English.pdf
https://albuhaira.com/financial-reports,2322120 Governance Report 2020 Eng.,https://albuhaira.com/assets/reports/financial-reports/2322120_Governance-Report-2020-Eng..pdf
https://albuhaira.com/financial-reports,2287202 ABNIC FS YE 31 DEC 2020 ENGLISH signed (2),https://albuhaira.com/assets/reports/financial-reports/2287202_ABNIC FS YE 31 DEC 2020 - ENGLISH signed (2).pdf
https://albuhaira.com/financial-reports,2287262 BOD Report YE 31 DEC 2020 ADX,https://albuhaira.com/assets/reports/financial-reports/2287262_BOD Report YE 31 DEC  2020 - ADX.pdf
https://albuhaira.com/financial-reports,Financial Reports | Preliminary Results,https://albuhaira.com/assets/reports/financial-reports/2277254_1376_001.pdf
https://albuhaira.com/financial-reports,2235065 BOD Report Q3 2020 ADX,https://albuhaira.com/assets/reports/financial-reports/2235065_BOD Report Q3 2020 - ADX.pdf
https://albuhaira.com/financial-reports,2232400 ABNIC FS Q3 2020 ENGLISH,https://albuhaira.com/assets/reports/financial-reports/2232400_ABNIC FS Q3 2020 - ENGLISH.pdf
https://albuhaira.com/financial-reports,2140878 BOD Report Q2 2020 ADX,https://albuhaira.com/assets/reports/financial-reports/2140878_BOD Report Q2 2020 - ADX.pdf
https://albuhaira.com/financial-reports,2141172 ABNIC FS Q2 2020 ENGLISH,https://albuhaira.com/assets/reports/financial-reports/2141172_ABNIC FS Q2 2020 - ENGLISH.pdf
https://albuhaira.com/financial-reports,2140596 ABNIC FS Q2 2020 ENGLISH,https://albuhaira.com/assets/reports/financial-reports/2140596_ABNIC FS Q2 2020 - ENGLISH.pdf
https://albuhaira.com/financial-reports,2116898 BOD Report Q1 2020 ADX,https://albuhaira.com/assets/reports/financial-reports/2116898_BOD Report Q1 2020 - ADX.pdf
https://albuhaira.com/financial-reports,2118892 ABNIC FS Q1 2020 English,https://albuhaira.com/assets/reports/financial-reports/2118892_ABNIC FS Q1 2020 - English.pdf
https://albuhaira.com/financial-reports,Financial Reports | Corporate Governance Report,https://albuhaira.com/assets/reports/financial-reports/2104245_2938_001~2.pdf
https://albuhaira.com/financial-reports,2049151 BOD Report YE 31 DEC 2019 ADX,https://albuhaira.com/assets/reports/financial-reports/2049151_BOD Report YE 31 DEC  2019 - ADX.pdf
https://albuhaira.com/financial-reports,2048437 ABNIC FS YE 31 DEC 2019 English,https://albuhaira.com/assets/reports/financial-reports/2048437_ABNIC FS YE 31 DEC  2019 - English.pdf
https://albuhaira.com/financial-reports,2048426 ABNIC Board Meeting Results 26.02.2020 ADX,https://albuhaira.com/assets/reports/financial-reports/2048426_ABNIC Board Meeting Results 26.02.2020 ADX.pdf
https://albuhaira.com/financial-reports,2039579 final result brief english,https://albuhaira.com/assets/reports/financial-reports/2039579_final result brief english.pdf
https://albuhaira.com/financial-reports,Al Buhaira National Insurance Company : Opening the Nomination for Board of Directors (2025 - 2028),https://albuhaira.com/assets/reports/disclosure-reports/4313602.pdf
https://albuhaira.com/financial-reports,Temporary suspension of trading on the shares of Al Buhaira National Insurance Company on 23 Apr 2025,https://albuhaira.com/assets/reports/disclosure-reports/4313886.pdf
https://albuhaira.com/financial-reports,Al Buhaira National Insurance Company Invitation to Attend AGM held on 23/04/2025 at 11:00,https://albuhaira.com/assets/reports/disclosure-reports/4312259.pdf
https://albuhaira.com/financial-reports,ABNIC Resumption Notice,https://albuhaira.com/assets/reports/disclosure-reports/4306986.pdf
https://albuhaira.com/financial-reports,Al Buhaira National Insurance Company Sustainability Report,https://albuhaira.com/assets/reports/disclosure-reports/4307363.pdf
https://albuhaira.com/financial-reports,"Al Buhaira National Insurance Company Corporate Governance Report for the year December 31,2024",https://albuhaira.com/assets/reports/disclosure-reports/4306990.pdf
https://albuhaira.com/financial-reports,"Al Buhaira National Insurance Company Integrated Report December 31,2024",https://albuhaira.com/assets/reports/disclosure-reports/4307076.pdf
https://albuhaira.com/financial-reports,"Al Buhaira National Insurance Company Financial Results for the Period Ended December 31,2024",https://albuhaira.com/assets/reports/disclosure-reports/4309705.pdf
https://albuhaira.com/financial-reports,"Al Buhaira National Insurance Company Board of Directors' Report for the Period Ended December 31,2024",https://albuhaira.com/assets/reports/disclosure-reports/4307560.pdf
https://albuhaira.com/financial-reports,Al Buhaira National Insurance Company Board Meeting Results held on 25/03/2025 at 10:00,https://albuhaira.com/assets/reports/disclosure-reports/4309293.pdf
https://albuhaira.com/financial-reports,Al Buhaira National Insurance Company By Circulation of Board Meeting to be held on 24/03/2025 at 10:00,https://albuhaira.com/assets/reports/disclosure-reports/4305714.pdf
https://albuhaira.com/financial-reports,Al Buhaira National Insurance Company Board Meeting Results held on 26/02/2025 at 11:00,https://albuhaira.com/assets/reports/disclosure-reports/4269424.pdf
https://albuhaira.com/financial-reports,Temporary suspension of trading on the shares of Al Buhaira National Insurance Company on 26 Feb 2025,https://albuhaira.com/assets/reports/disclosure-reports/4264251.pdf
https://albuhaira.com/financial-reports,Al Buhaira National Insurance Company Announcement of Board Meeting to be held on 26/02/2025 at 11:00,https://albuhaira.com/assets/reports/disclosure-reports/4264433.pdf
https://albuhaira.com/financial-reports,ABNIC Resumption Notice,https://albuhaira.com/assets/reports/disclosure-reports/4255952.pdf
https://albuhaira.com/financial-reports,"Al Buhaira National Insurance Company Preliminary Financial Results for the Period Ended December 31,2024",https://albuhaira.com/assets/reports/disclosure-reports/4256379.pdf
https://albuhaira.com/financial-reports,Al Buhaira National Insurance Company Board Meeting Results held on 12/02/2025 at 11:00,https://albuhaira.com/assets/reports/disclosure-reports/4249878.pdf
https://albuhaira.com/financial-reports,Temporary suspension of trading on the shares of Al Buhaira National Insurance Company on 12 Feb 2025,https://albuhaira.com/assets/reports/disclosure-reports/4238460.pdf
https://albuhaira.com/financial-reports,Al Buhaira National Insurance Company Announcement of Board Meeting to be held on 12/02/2025 at 11:00,https://albuhaira.com/assets/reports/disclosure-reports/4241037.pdf
https://albuhaira.com/financial-reports,Al Buhaira National Insurance Company Board Meeting Results held on 26/12/2024 at 11:30,https://albuhaira.com/assets/reports/disclosure-reports/4189809.pdf
https://albuhaira.com/financial-reports,Al Buhaira National Insurance Company Announcement of Board Meeting to be held on 25/12/2024 at 11:30,https://albuhaira.com/assets/reports/disclosure-reports/4177168.pdf
https://albuhaira.com/financial-reports,"Al Buhaira National Insurance Company Report of accumulated losses September 30,2024",https://albuhaira.com/assets/reports/disclosure-reports/3335344.pdf
https://albuhaira.com/financial-reports,ABNIC Resumption Notice,https://albuhaira.com/assets/reports/disclosure-reports/3314228.pdf
https://albuhaira.com/financial-reports,Al Buhaira National Insurance Company Board Meeting Results held on 13/11/2024 at 11:00,https://albuhaira.com/assets/reports/disclosure-reports/3315602.pdf
https://albuhaira.com/financial-reports,abnic profile english 2025,https://albuhaira.com/assets/pdfs/abnic-profile-english-2025.pdf
https://qic-uaq.ae/category/meetings/,Board Meeting Results held on 11/05/2026 at 15:00,https://qic-uaq.ae/wp-content/uploads/2026/05/4892921.pdf
https://qic-uaq.ae/category/meetings/,By Circulation of Board Meeting to be held on 11/05/2026 at 15:00 pm,https://qic-uaq.ae/wp-content/uploads/2026/05/4872188.pdf
https://qic-uaq.ae/category/meetings/,Board Meeting Results held on 15.04.2026 at 15.00,https://qic-uaq.ae/wp-content/uploads/2026/04/Board-Meeting-Results-held-on-15.04.2026-at-15.00.pdf
https://qic-uaq.ae/category/meetings/,Annual General Meeting 15.04.2026 Minutes,https://qic-uaq.ae/wp-content/uploads/2026/04/Annual-General-Meeting-15.04.2026-Minutes.pdf
https://qic-uaq.ae/category/meetings/,Annual Assembly Meeting Result held on 15.04.2026 at 12.00,https://qic-uaq.ae/wp-content/uploads/2026/04/Annual-Assembly-Meeting-Result-held-on-15.04.2026-at-12.00.pdf
https://qic-uaq.ae/category/meetings/,Article No. 10 of the Governance Manual,https://qic-uaq.ae/wp-content/uploads/2026/03/Article-No.-10-of-the-Governance-Manual.pdf
https://qic-uaq.ae/category/meetings/,Application and Declaration for a Candidate for Board Membership,https://qic-uaq.ae/wp-content/uploads/2026/03/Application-and-Declaration-for-a-Candidate-for-Board-Membership.pdf
https://qic-uaq.ae/category/meetings/,Invitation to Attend Annual General Meeting on 15.04.2026 at 12.00,https://qic-uaq.ae/wp-content/uploads/2026/03/Invitation-to-Attend-Annual-General-Meeting-on-15.04.2026-at-12.00.pdf
https://qic-uaq.ae/category/meetings/,Board Meeting Results held on 10.03.2026 at 15.00,https://qic-uaq.ae/wp-content/uploads/2026/03/Board-Meeting-Results-held-on-10.03.2026-at-15.00.pdf
https://qic-uaq.ae/category/meetings/,Announcement of Board Meeting to be held on 10.03.2026 at 15.00,https://qic-uaq.ae/wp-content/uploads/2026/03/Announcement-of-Board-Meeting-to-be-held-on-10.03.2026-at-15.00.pdf
https://qic-uaq.ae/category/meetings/,By Circulation of Board Meeting to be held on 11.08,https://qic-uaq.ae/wp-content/uploads/2025/08/By-Circulation-of-Board-Meeting-to-be-held-on-11.08.pdf
https://qic-uaq.ae/category/meetings/,Board Meeting Results held on 25.3.2025 at 23.00,https://qic-uaq.ae/wp-content/uploads/2025/03/Board-Meeting-Results-held-on-25.3.2025-at-23.00.pdf
https://qic-uaq.ae/category/meetings/,AGM Results held on 25.03.2025 at 21.00,https://qic-uaq.ae/wp-content/uploads/2025/03/AGM-Results-held-on-25.03.2025-at-21.00.pdf
https://qic-uaq.ae/category/meetings/,Announcement of Board Meeting to be held on 25.03.2025 at 22.00,https://qic-uaq.ae/wp-content/uploads/2025/03/Announcement-of-Board-Meeting-to-be-held-on-25.03.2025-at-22.00.pdf
https://qic-uaq.ae/category/meetings/,Invitation to Attend AGM held on 25.03.2025 at 21.00,https://qic-uaq.ae/wp-content/uploads/2025/02/Invitation-to-Attend-AGM-held-on-25.03.2025-at-21.00.pdf
https://qic-uaq.ae/category/meetings/,Board Meeting Results held on 22.02.2025 at 11.30,https://qic-uaq.ae/wp-content/uploads/2025/02/Board-Meeting-Results-held-on-22.02.2025-at-11.30.pdf
https://qic-uaq.ae/category/meetings/,Announcement of Board Meeting to be held on 22/02 at 11:30 Am,https://qic-uaq.ae/wp-content/uploads/2025/02/اعلان-مجلس-الإدارة-انجليزي.pdf
https://qic-uaq.ae/category/meetings/,3356761 result english 1,https://qic-uaq.ae/wp-content/uploads/2024/12/3356761-result-english-1.pdf
https://qic-uaq.ae/category/meetings/,3346276 english,https://qic-uaq.ae/wp-content/uploads/2024/12/3346276-english.pdf
https://qic-uaq.ae/category/meetings/,Board Meeting Results held on 02/11 at 11:30 am,https://qic-uaq.ae/wp-content/uploads/2024/11/3302882_افصاح-مجلس-الادارة-30-09-2024-إنجليزي.pdf
https://qic-uaq.ae/category/meetings/,Board Meeting to be held on 02/11 at 11:30 am,https://qic-uaq.ae/wp-content/uploads/2024/10/3297595_الإفصاح-عن-إجتماع-مجلس-الإدارة-رقم-3-لسنة-2024إنجليزي.pdf
https://qic-uaq.ae/category/meetings/,3230658 adx,https://qic-uaq.ae/wp-content/uploads/2024/08/3230658_adx.pdf
https://qic-uaq.ae/category/meetings/,Circulation of Board Meeting to be held on 10/08 at 11 am,https://qic-uaq.ae/wp-content/uploads/2024/08/1.pdf
https://qic-uaq.ae/category/meetings/,Circulation of Board Meeting to be held on 01/05 at 15:00,https://qic-uaq.ae/wp-content/uploads/2024/04/23.pdf
https://qic-uaq.ae/category/meetings/,Board Meeting Results held on 25/03 at 22:00,https://qic-uaq.ae/wp-content/uploads/2024/03/4-3.pdf
https://qic-uaq.ae/category/meetings/,AGM Results held on 25/03 at 21:00,https://qic-uaq.ae/wp-content/uploads/2024/03/1.pdf
https://qic-uaq.ae/category/meetings/,Invitation to Attend AGM held on 25/03 at 21:00,https://qic-uaq.ae/wp-content/uploads/2024/02/الإفصاح-عن-إجتماع-الجمعية-العمومية-مارس-2024.pdf
https://qic-uaq.ae/category/meetings/,Board Meeting Results held on 24/02 at 11:30,https://qic-uaq.ae/wp-content/uploads/2024/02/3061744_نتائج-مجلس-الادارة-إنجليزي-24-02-2024-.pdf
https://qic-uaq.ae/category/meetings/,Announcement of Board Meeting to be held on 24/02 at 11:30,https://qic-uaq.ae/wp-content/uploads/2024/02/اعلان-اجتماع-مجلس-الادارة-للجمعية-إنجليزي.pdf
https://qic-uaq.ae/category/meetings/,Board Meeting Results held on 16/12 at 12:30 pm,https://qic-uaq.ae/wp-content/uploads/2023/12/4.pdf
https://qic-uaq.ae/category/meetings/,Announcement of Board Meeting to be held on 16/12 at 11:30 am,https://qic-uaq.ae/wp-content/uploads/2023/12/1.pdf
https://qic-uaq.ae/category/meetings/,Board Meeting Results held on 21.10.2023 at 11:30,https://qic-uaq.ae/wp-content/uploads/2023/10/2953972_نتائج-إجتماع-مجلس-الادارة-الربع-الثالث-2023-الامارات1.pdf
https://qic-uaq.ae/category/meetings/,Announcement of Board Meeting to be held on 21/10 at 11:30,https://qic-uaq.ae/wp-content/uploads/2023/10/2950786_الافصاح-عن-موعد-إجتماع-مجلس-الادارة-3.pdf
https://qic-uaq.ae/category/meetings/,Board Meeting Results held on 01 08 at 15.00,https://qic-uaq.ae/wp-content/uploads/2023/10/Board-Meeting-Results-held-on-01-08-at-15.00.pdf
https://qic-uaq.ae/category/meetings/,Board Meeting Results held on 09/05 at 15:00,https://qic-uaq.ae/wp-content/uploads/2023/05/الامارات-قرار-تقرير-المدقق-نسخة-الميزانية.pdf
https://qic-uaq.ae/category/meetings/,Names of candidates for membership of the board of directors,https://qic-uaq.ae/wp-content/uploads/2023/04/كشف-بأسماء-المترشحين-لعضوية-مجلس-الإدارة-2023.pdf
https://qic-uaq.ae/category/meetings/,Announcement of Board Meeting to be held on 10/04 at 22:00 PM,https://qic-uaq.ae/wp-content/uploads/2023/04/الإفصاح-عن-إجتماع-مجلس-الإدارة-سوق-أبوظبي-للأوراق-المالية.pdf
https://qic-uaq.ae/category/meetings/,Invitation to Attend AGM to be held on AGM at 10/04,https://qic-uaq.ae/wp-content/uploads/2023/03/دعوة-الجمعية-العمومية-فتح-باب-الترشيح.pdf
https://qic-uaq.ae/category/meetings/,Board Meeting Results held on 11/03 at 11:30 am,https://qic-uaq.ae/wp-content/uploads/2023/03/نتائج-مجلس-الادارة.pdf
https://qic-uaq.ae/category/meetings/,Board Meeting to be held on 11/03 at 11:30am,https://qic-uaq.ae/wp-content/uploads/2023/03/الإفصاح-عن-إجتماع-مجلس-الإدارة.pdf
https://qic-uaq.ae/category/meetings/,Board Meeting Results held on 24/12 at 11:30,https://qic-uaq.ae/wp-content/uploads/2023/01/55.pdf
https://qic-uaq.ae/category/meetings/,Announcement of Board Meeting to be held on 24/12 at 11:30,https://qic-uaq.ae/wp-content/uploads/2022/12/25.pdf
https://qic-uaq.ae/category/meetings/,Board Meeting Results held on 05/11 at 11:30,https://qic-uaq.ae/wp-content/uploads/2022/11/نتائج-إجتماع-مجلس-الإدارة-الامارات1.pdf
https://qic-uaq.ae/category/meetings/,Announcement of Board Meeting to be held on 05/11/2022 at 11:30 am,https://qic-uaq.ae/wp-content/uploads/2022/11/إجتماع-نوفمبر-05-11-20221.pdf
https://qic-uaq.ae/category/meetings/,AGM Results held on 25/04 at 09:00 pm,https://qic-uaq.ae/wp-content/uploads/2022/04/تقرير-الجمعية-العمومية1-انجليزي.pdf
https://qic-uaq.ae/category/meetings/,AGM Minutes held on 25/04 at 09:00 pm,https://qic-uaq.ae/wp-content/uploads/2022/04/تقرير-الجمعية-العمومية-.pdf
https://qic-uaq.ae/category/meetings/,Board Meeting Results held on 25/04 at 10 pm,https://qic-uaq.ae/wp-content/uploads/2022/04/نتائج-اجتماع-مجلس-.pdf
https://qic-uaq.ae/category/meetings/,Board Meeting to be held on 25/04 at 10 pm,https://qic-uaq.ae/wp-content/uploads/2022/04/مجلس-الإدارة-الثاني-الامارات-20221.pdf
https://qic-uaq.ae/category/meetings/,Invitation to Attend AGM to be held on at 25/04,https://qic-uaq.ae/wp-content/uploads/2022/04/إعلان-دعوة-الجمعية-العمومية-ا2022.pdf
https://qic-uaq.ae/category/meetings/,Board Meeting Results held on 26/03 at 12:00 pm,https://qic-uaq.ae/wp-content/uploads/2022/03/الافصاح-عن-نتائج-مجلس-الادارة-ا.pdf
https://qic-uaq.ae/category/meetings/,Board Meeting to be held on 26/03 at 12:00 pm,https://qic-uaq.ae/wp-content/uploads/2022/03/1-eng.pdf
https://qic-uaq.ae/category/meetings/,AGM22 03 2022,https://qic-uaq.ae/wp-content/uploads/2022/01/AGM22-03-2022.pdf
https://qic-uaq.ae/category/meetings/,Announcment Regarding AGM meeting held on 22/01,https://qic-uaq.ae/wp-content/uploads/2022/01/حضور-إجتماع-الجمعية-من-خلال-المشاركة-الالكترونية1.pdf
https://qic-uaq.ae/category/meetings/,Invitation to attend the General Assembly Meeting,https://qic-uaq.ae/wp-content/uploads/2021/12/دعوة-لحضور-إجتماع-الجمعية-العمومية-يناير-2022-إنجليزي.pdf
https://qic-uaq.ae/category/meetings/,Board Meeting Results held on 18122021 at 1130,https://qic-uaq.ae/wp-content/uploads/2021/12/Board-Meeting-Results-held-on-18122021-at-1130-.pdf
https://qic-uaq.ae/category/meetings/,Announcement of Board Meeting to be held on 18122021 at 1130,https://qic-uaq.ae/wp-content/uploads/2021/12/Announcement-of-Board-Meeting-to-be-held-on-18122021-at-1130-.pdf
https://qic-uaq.ae/category/meetings/,Management Discussion and Analysis Report for the Period Ended September 302021,https://qic-uaq.ae/wp-content/uploads/2021/11/Management-Discussion-and-Analysis-Report-for-the-Period-Ended-September-302021.pdf
https://qic-uaq.ae/category/meetings/,Announcement of Board Meeting to be held on 06/11/2021 at 11:30,https://qic-uaq.ae/wp-content/uploads/2021/11/إجتماع-مجلس-الإدارة-2-نوفمبر20211.pdf
https://qic-uaq.ae/category/meetings/,AGM Results held on 22042021 at 1430,https://qic-uaq.ae/wp-content/uploads/2021/04/AGM-Results-held-on-22042021-at-1430.pdf
https://qic-uaq.ae/category/meetings/,Board Meeting Results held on 22042021 at 1530,https://qic-uaq.ae/wp-content/uploads/2021/04/Board-Meeting-Results-held-on-22042021-at-1530.pdf
https://qic-uaq.ae/category/meetings/,Invitation to Attend AGM to be held on 22/04,https://qic-uaq.ae/wp-content/uploads/2021/04/اعلان-الجمعية-العمومية-أبريل-2021-إنجليزي.pdf
https://qic-uaq.ae/category/meetings/,نتائج الجمعيةو العمومية ابوظبي e 1,https://qic-uaq.ae/wp-content/uploads/2020/04/نتائج-الجمعيةو-العمومية-ابوظبي-e-1.pdf
https://qic-uaq.ae/category/meetings/,Board Meeting Results held on 11/04 at 12:00,https://qic-uaq.ae/wp-content/uploads/2020/04/مجلس-الادارة11ابريل-ابوظبي1-1.pdf
https://qic-uaq.ae/category/meetings/,Ammendment of AGM to be held on 04/04 at 11:00,https://qic-uaq.ae/wp-content/uploads/2020/03/الجمعية.pdf
https://qic-uaq.ae/category/meetings/,اعلان Invitation eng,https://qic-uaq.ae/wp-content/uploads/2020/03/اعلان-Invitation-eng.pdf
https://qic-uaq.ae/category/meetings/,اعلان eng,https://qic-uaq.ae/wp-content/uploads/2020/03/اعلان-eng.pdf
https://qic-uaq.ae/category/meetings/,Board Meeting Results held on 15.02.2020 at 11.00am,https://qic-uaq.ae/wp-content/uploads/2020/02/Board-Meeting-Results-held-on-15.02.2020-at-11.00am.pdf
https://qic-uaq.ae/category/meetings/,Announcement of Board Meeting to be held on 15.02.2020 at 11.00 1,https://qic-uaq.ae/wp-content/uploads/2020/02/Announcement-of-Board-Meeting-to-be-held-on-15.02.2020-at-11.00-1.pdf
https://qic-uaq.ae/category/meetings/,Management Discussion and Analysis Report for the Period Ended September 30,https://qic-uaq.ae/wp-content/uploads/2019/11/2019تقرير.pdf
https://qic-uaq.ae/category/meetings/,Board Meeting Results held on 09/11 at 11:00 am,https://qic-uaq.ae/wp-content/uploads/2019/11/مجلس-2019.pdf
https://qic-uaq.ae/category/meetings/,Announcement of Board Meeting to be held on 19.10.2019 at 1100,https://qic-uaq.ae/wp-content/uploads/2019/10/Announcement-of-Board-Meeting-to-be-held-on-19.10.2019-at-1100.pdf
https://qic-uaq.ae/category/meetings/,arabicenglishرسالة إلى سوق أبوظبي للأوراق المالية1,https://qic-uaq.ae/wp-content/uploads/2019/08/arabicenglishرسالة-إلى-سوق-أبوظبي-للأوراق-المالية1.pdf
https://qic-uaq.ae/category/meetings/,Directors Report for the Period Ended March 312019,https://qic-uaq.ae/wp-content/uploads/2019/05/Directors-Report-for-the-Period-Ended-March-312019.pdf
https://qic-uaq.ae/category/meetings/,AGM Results held on 06.04 at 11.00,https://qic-uaq.ae/wp-content/uploads/2019/04/AGM-Results-held-on-06.04-at-11.00.pdf
https://qic-uaq.ae/category/meetings/,AGM Minutes held on 06042019 at 1100,https://qic-uaq.ae/wp-content/uploads/2019/04/AGM-Minutes-held-on-06042019-at-1100-.pdf
https://qic-uaq.ae/category/meetings/,Board Meeting Results held on 06.04 at 12.00,https://qic-uaq.ae/wp-content/uploads/2019/04/Board-Meeting-Results-held-on-06.04-at-12.00-.pdf
https://qic-uaq.ae/category/meetings/,Invitation to Attend AGM to be held on 06/04 at 11:00 am,https://qic-uaq.ae/wp-content/uploads/2019/03/اعلان-الجمعية-انجليزي.pdf
https://qic-uaq.ae/category/meetings/,Meeting Results held on 09.02.2019 at 11.00,https://qic-uaq.ae/wp-content/uploads/2019/02/Meeting-Results-held-on-09.02.2019-at-11.00.pdf
https://qic-uaq.ae/category/meetings/,Announcement of Board Meeting to be held on 0902 at 1100,https://qic-uaq.ae/wp-content/uploads/2019/02/Announcement-of-Board-Meeting-to-be-held-on-0902-at-1100-.pdf
https://qic-uaq.ae/category/meetings/,Board Meeting Results held on 01 12 at 11 00,https://qic-uaq.ae/wp-content/uploads/2018/12/Board-Meeting-Results-held-on-01-12-at-11-00-.pdf
https://qic-uaq.ae/category/meetings/,Announcement of Board Meeting to be held on 01 12 2018 at 11 00,https://qic-uaq.ae/wp-content/uploads/2018/11/Announcement-of-Board-Meeting-to-be-held-on-01-12-2018-at-11-00-.pdf
https://qic-uaq.ae/category/meetings/,Board Meeting Results held on 03112018 at 1100,https://qic-uaq.ae/wp-content/uploads/2018/11/Board-Meeting-Results-held-on-03112018-at-1100.pdf
https://qic-uaq.ae/category/meetings/,Umm Al Qaiwain General Investment Co. P.S.C Announcement of Board Meeting to be held on 03112018 at 1100,https://qic-uaq.ae/wp-content/uploads/2018/11/Umm-Al-Qaiwain-General-Investment-Co.-P.S.C-Announcement-of-Board-Meeting-to-be-held-on-03112018-at-1100.pdf
https://qic-uaq.ae/category/meetings/,AGM Results held on 17.03.2018 at 11.00 EN,https://qic-uaq.ae/wp-content/uploads/2018/03/AGM-Results-held-on-17.03.2018-at-11.00-EN.pdf
https://qic-uaq.ae/category/meetings/,Invitation to Attend AGM to be held on AGM at 17.03.2018en,https://qic-uaq.ae/wp-content/uploads/2018/03/Invitation-to-Attend-AGM-to-be-held-on-AGM-at-17.03.2018en.pdf
https://qic-uaq.ae/category/meetings/,General Assembly Meeting held on 18.03 2017 ENAR,https://qic-uaq.ae/wp-content/uploads/2018/03/General-Assembly-Meeting-held-on-18.03-2017-ENAR.pdf
https://qic-uaq.ae/category/meetings/,UMM AL QAIWAIN CEMENT INDUSTRIES CO. General Assembly Meeting held on 19.03.2016 ENAR,https://qic-uaq.ae/wp-content/uploads/2018/03/UMM-AL-QAIWAIN-CEMENT-INDUSTRIES-CO.-General-Assembly-Meeting-held-on-19.03.2016-ENAR.pdf
https://qic-uaq.ae/category/meetings/,QCEM Announcement of AGM to be held on March19 2016 EN and AR,https://qic-uaq.ae/wp-content/uploads/2018/03/QCEM-Announcement-of-AGM-to-be-held-on-March19-2016-EN-and-AR.pdf
https://qic-uaq.ae/category/meetings/,UMM AL QAIWAIN CEMENT INDUSTRIES CO. General Assembly Meeting held on 18.04.2015,https://qic-uaq.ae/wp-content/uploads/2018/03/UMM-AL-QAIWAIN-CEMENT-INDUSTRIES-CO.-General-Assembly-Meeting-held-on-18.04.2015.pdf
https://qic-uaq.ae/category/meetings/,ANNOUNCEMENT OF AGM to be held on 11 04 2015,https://qic-uaq.ae/wp-content/uploads/2018/03/ANNOUNCEMENT-OF-AGM-to-be-held-on-11-04-2015.pdf
https://www.julphar.net/en/investors/minutes-of-ordinary-and-extraordinary-general-meeting,Minutes of the Annual General Meeting 25 04 2026 signed1,https://www.julphar.net/uploads/investors_reports_documents/pdf_file/Minutes_of_the_Annual_General_Meeting_25-04-2026_signed1.pdf
https://www.julphar.net/en/investors/minutes-of-ordinary-and-extraordinary-general-meeting,General Assembly Meeting 25042026 EN,https://www.julphar.net/uploads/investors_reports_documents/pdf_file/General_Assembly_Meeting_25042026_EN.pdf
https://www.julphar.net/en/investors/minutes-of-ordinary-and-extraordinary-general-meeting,FINAL Candidates Names2,https://www.julphar.net/uploads/investors_reports_documents/pdf_file/FINAL_Candidates_Names2.pdf
https://www.julphar.net/en/investors/minutes-of-ordinary-and-extraordinary-general-meeting,Gulf Pharmaceutical Industries Invitation 2026 EN (1),https://www.julphar.net/uploads/investors_reports_documents/pdf_file/Gulf_Pharmaceutical_Industries_Invitation_2026_EN_(1).pdf
https://www.julphar.net/en/investors/minutes-of-ordinary-and-extraordinary-general-meeting,JULPHAR AGM MOM 2025,https://www.julphar.net/uploads/investors_reports_documents/pdf_file/JULPHAR_AGM_MOM_2025_.pdf
https://www.julphar.net/en/investors/minutes-of-ordinary-and-extraordinary-general-meeting,Results of the General Assembly Meeting 22042025 EN,https://www.julphar.net/uploads/investors_reports_documents/pdf_file/Results_of_the_General_Assembly_Meeting_22042025_EN.pdf
https://www.rakproperties.ae/company-announcements/,RAKPROP Unclaimed Dividends 2006 2014,https://www.rakproperties.ae/wp-content/uploads/2024/03/RAKPROP-Unclaimed-Dividends-2006-2014.pdf
https://www.noginc.com/sustainability/default.aspx,2025 ESG Report high res pdf 2026 04 10 13 13,https://s203.q4cdn.com/492547254/files/doc_downloads/sustainability/2025-ESG-Report-high-res-pdf-2026-04-10-13-13.pdf
https://www.noginc.com/sustainability/default.aspx,NOG 2024 ESG Report Final,https://s203.q4cdn.com/492547254/files/doc_downloads/sustainability/NOG-2024-ESG-Report-Final.pdf
https://www.noginc.com/sustainability/default.aspx,2023 ESG Report WEB READY Final,https://s203.q4cdn.com/492547254/files/doc_downloads/sustainability/2023-ESG-Report-WEB-READY-Final.pdf
https://www.noginc.com/sustainability/default.aspx,NOG 2022 ESG Report,https://s203.q4cdn.com/492547254/files/doc_downloads/sustainability/NOG_2022_ESG_Report.pdf
https://investors.fico.com/corporate-governance,Fair Isaac Corporation Director Independence Criteria,https://investors.fico.com/static-files/51a8bdc7-c763-4789-b4a5-1378cfd9b313
https://investors.fico.com/corporate-governance,Fair Isaac Corporation Governance Guidelines,https://investors.fico.com/static-files/b24f08e2-755f-495f-a972-3ed11903e135
https://investors.fico.com/corporate-governance,Audit Committee Charter,https://investors.fico.com/static-files/3faa0ab7-0373-4119-b237-3d19f096912f
https://investors.fico.com/corporate-governance,"Governance, Nominating and Executive Committee Charter",https://investors.fico.com/static-files/d8e7b3a8-28b6-4f20-ad81-616b33803ede
https://investors.fico.com/corporate-governance,Leadership Development and Compensation Committee Charter,https://investors.fico.com/static-files/1ad009d2-c96d-46f9-84f0-cbfe3a1c8f1e
https://investors.fico.com/corporate-governance,Code of Business Conduct & Ethics,https://investors.fico.com/static-files/ed6519a4-2148-4166-82f2-4636e0713531
https://investors.fico.com/corporate-governance,Code of Ethics for Senior Financial Management,https://investors.fico.com/static-files/ee829dc1-e078-4e3e-9f11-05ae3a3574ef
https://investors.fico.com/corporate-governance,2025 FICO UK Group Tax Strategy,https://investors.fico.com/static-files/3c538d67-2e8d-4081-8c11-3aaa7cc28ede
https://investors.fico.com/corporate-governance,Modern Slavery Statement,https://investors.fico.com/static-files/8b2f6da3-f545-4d1b-9fe7-7d5ea104a85b
https://investorcentre.sigmahealthcare.com.au/corporate-sustainability,Sigma Sustainability Report 2025,https://investorcentre.sigmahealthcare.com.au/static-files/7a96fbbf-47d9-44a4-aa9e-1d25650ee078
https://investorcentre.sigmahealthcare.com.au/corporate-sustainability,Sigma Sustainability Report 2024,https://investorcentre.sigmahealthcare.com.au/static-files/1f220b48-0db4-44e8-a9e4-0583cd2e3b5d
https://investorcentre.sigmahealthcare.com.au/corporate-sustainability,Sigma Sustainability Report 2023,https://investorcentre.sigmahealthcare.com.au/static-files/e3a777f0-df95-4dba-a06b-c955dfd08dc2
https://investorcentre.sigmahealthcare.com.au/corporate-sustainability,"Source <p>Sigma Healthcare has achieved Good Progress in the 2022 Australian Packaging Covenant Organisation (APCO) Annual Report and Performance Summary. </p> <p>For further information, please click here: <a href=""https://sigmapharmaceuticals.gcs-web.com/stati",https://investorcentre.sigmahealthcare.com.au/static-files/5a59fe90-4b87-4a25-b628-7bca721d566d
https://investorcentre.sigmahealthcare.com.au/corporate-sustainability,Sigma Sustainability Report 2021,https://investorcentre.sigmahealthcare.com.au/static-files/a474daa9-ec74-4f92-8108-e22460fd30cd
https://investorcentre.sigmahealthcare.com.au/corporate-sustainability,"For further information, please click here:",https://sigmapharmaceuticals.gcs-web.com/static-files/5c7facd2-fada-4ff3-a10b-4193929118d8
https://investorcentre.sigmahealthcare.com.au/corporate-sustainability,Sigma Privacy Policy 2017,http://sigmahealthcare.com.au/app/uploads/2016/01/Sigma-Privacy-Policy-2017.pdf
https://investorcentre.sigmahealthcare.com.au/corporate-governance/governance-documents,Risk Compliance & Sustainability Committee,https://investorcentre.sigmahealthcare.com.au/static-files/a48b9c06-f8f1-4223-9af6-10761bd290af
https://investorcentre.sigmahealthcare.com.au/corporate-governance/governance-documents,Risk Compliance & Sustainability Committee,https://investorcentre.sigmahealthcare.com.au/static-files/9f7d247a-0be7-439c-9500-5c1248538f9d
https://investorcentre.sigmahealthcare.com.au/corporate-governance/governance-documents,Risk Compliance & Sustainability Committee,https://investorcentre.sigmahealthcare.com.au/static-files/0b8727c6-7611-41dc-b114-f60727a5d437
https://investorcentre.sigmahealthcare.com.au/corporate-governance/governance-documents,Anti-Bribery and Corruption Policy – March 2022,https://investorcentre.sigmahealthcare.com.au/static-files/9ea729b3-2a6a-4d44-bf8e-696c8f156690
https://investorcentre.sigmahealthcare.com.au/corporate-governance/governance-documents,Auditor independence policy,https://investorcentre.sigmahealthcare.com.au/static-files/0c71b3ba-b9d6-46cd-a096-2af7480c85b7
https://investorcentre.sigmahealthcare.com.au/corporate-governance/governance-documents,Board Renewal Policy,https://investorcentre.sigmahealthcare.com.au/static-files/8d64fa54-1ca2-4577-80cc-051be2d973d0
https://investorcentre.sigmahealthcare.com.au/corporate-governance/governance-documents,Continuous Disclosure & Market Communications Policy,https://investorcentre.sigmahealthcare.com.au/static-files/6395ef00-1597-424d-9617-117663d4b4e0
https://investorcentre.sigmahealthcare.com.au/corporate-governance/governance-documents,Corporate Governance Statement 2024,https://investorcentre.sigmahealthcare.com.au/static-files/0664abed-dd75-4033-8aeb-ceb4a0a0fbe9
https://investorcentre.sigmahealthcare.com.au/corporate-governance/governance-documents,Diversity and Inclusion Policy 2025,https://investorcentre.sigmahealthcare.com.au/static-files/f8fd76b9-6f1b-4aa7-9114-73c83f3621ea
https://investorcentre.sigmahealthcare.com.au/corporate-governance/governance-documents,Ethical Sourcing and Modern Slavery Policy,https://investorcentre.sigmahealthcare.com.au/static-files/ac05fd3e-bc0d-49cc-ba7c-0f87b34ccd9c
https://investorcentre.sigmahealthcare.com.au/corporate-governance/governance-documents,Fraud Policy,https://investorcentre.sigmahealthcare.com.au/static-files/d059e18d-f879-47a3-8221-70af341e52b7
https://investorcentre.sigmahealthcare.com.au/corporate-governance/governance-documents,Modern Slavery Statement 2025,https://investorcentre.sigmahealthcare.com.au/static-files/c05aff8a-cc3e-48a8-87e9-7e9cd8624e6c
https://investorcentre.sigmahealthcare.com.au/corporate-governance/governance-documents,Privacy Policy,https://investorcentre.sigmahealthcare.com.au/static-files/e225e51a-a999-43a8-8c9c-84ef32dccca6
https://investorcentre.sigmahealthcare.com.au/corporate-governance/governance-documents,Share Trading Policy,https://investorcentre.sigmahealthcare.com.au/static-files/82230550-de01-4510-9e50-8aeaf8eac8b6
https://investorcentre.sigmahealthcare.com.au/corporate-governance/governance-documents,Sigma Constitution,https://investorcentre.sigmahealthcare.com.au/static-files/41c44154-14d7-4a77-8113-287cbebd0f29
https://investorcentre.sigmahealthcare.com.au/corporate-governance/governance-documents,Sigma Healthcare Annual Report 2024,https://investorcentre.sigmahealthcare.com.au/static-files/bf7e4fad-1693-47bf-8513-50815381a827
https://investorcentre.sigmahealthcare.com.au/corporate-governance/governance-documents,Sigma Healthcare Annual Review 2024,https://investorcentre.sigmahealthcare.com.au/static-files/d7d703fb-830e-4965-a188-1ce7b777db27
https://investorcentre.sigmahealthcare.com.au/corporate-governance/governance-documents,Sigma Healthcare Nominee Director Protocol 2023,https://investorcentre.sigmahealthcare.com.au/static-files/75004913-97c3-4d02-95ee-fde36c68aee5
https://investorcentre.sigmahealthcare.com.au/corporate-governance/governance-documents,Sigma Sustainability Report 2024,https://investorcentre.sigmahealthcare.com.au/static-files/1f220b48-0db4-44e8-a9e4-0583cd2e3b5d
https://investorcentre.sigmahealthcare.com.au/corporate-governance/governance-documents,Whistleblower Policy,https://investorcentre.sigmahealthcare.com.au/static-files/325b11cf-e193-429e-b5fa-cceb3d90b22e
https://investorcentre.sigmahealthcare.com.au/corporate-governance/governance-documents,WGEA Report 2024-25,https://investorcentre.sigmahealthcare.com.au/static-files/be242c76-bb11-4a54-bb0f-c1766de515ae
https://investorcentre.sigmahealthcare.com.au/corporate-governance/governance-documents,Risk Management Policy,https://investorcentre.sigmahealthcare.com.au/static-files/df6dc952-72d0-4edb-96f1-72a73e38bb15
https://investorcentre.sigmahealthcare.com.au/corporate-governance/governance-documents,Sigma Sustainability Report 2025,https://investorcentre.sigmahealthcare.com.au/static-files/7a96fbbf-47d9-44a4-aa9e-1d25650ee078
https://investorcentre.sigmahealthcare.com.au/corporate-governance/governance-documents,Corporate Governance Statement 2025 (May),https://investorcentre.sigmahealthcare.com.au/static-files/20000ccc-fc6a-4f37-981d-e4e368c5b71c
https://investorcentre.sigmahealthcare.com.au/corporate-governance/governance-documents,Sigma Healthcare Annual Report 2025,https://investorcentre.sigmahealthcare.com.au/static-files/49507ac8-af4f-4537-ab2f-32a60e708de8
https://investorcentre.sigmahealthcare.com.au/corporate-governance/governance-documents,Minimum Shareholding Policy,https://investorcentre.sigmahealthcare.com.au/static-files/e77b5829-06a8-4221-95ef-a29de0aebc72
https://investorcentre.sigmahealthcare.com.au/corporate-governance/governance-documents,Corporate Governance Statement 2025,https://investorcentre.sigmahealthcare.com.au/static-files/4e1fe02c-a362-4494-8e16-c62e7a34e9da
https://investorcentre.sigmahealthcare.com.au/corporate-governance/governance-documents,Code of Conduct Policy,https://investorcentre.sigmahealthcare.com.au/static-files/9b678ae5-27c3-4c57-9c4d-5b9fa0506422
https://investorcentre.sigmahealthcare.com.au/corporate-governance/governance-documents,Sigma Healthcare Long Term Incentive Plan,https://investorcentre.sigmahealthcare.com.au/static-files/7eba0a0d-7e84-4c2b-bdfb-9ab4546dc47b
https://investorcentre.sigmahealthcare.com.au/corporate-governance/governance-documents,Gender Pay Gap Employer Statement 2025,https://investorcentre.sigmahealthcare.com.au/static-files/839e32e6-a7a2-4a13-b899-fdb0a597956a
https://investorcentre.sigmahealthcare.com.au/corporate-governance/governance-documents,Sigma STI Deferral Rights Plan,https://investorcentre.sigmahealthcare.com.au/static-files/4461715e-86aa-44b4-b17a-ed3a2dc6d6c7
https://investorcentre.sigmahealthcare.com.au/corporate-governance/governance-documents,Nomination and Remuneration Charter,https://investorcentre.sigmahealthcare.com.au/static-files/192c68ec-6ed5-48d2-afd3-298eab3b3bf6
https://investorcentre.sigmahealthcare.com.au/corporate-governance/governance-documents,Risk Compliance & Sustainability Committee Charter,https://investorcentre.sigmahealthcare.com.au/static-files/2085d949-764d-4699-a67c-1226545fb3a6
https://investorcentre.sigmahealthcare.com.au/corporate-governance/governance-documents,Sigma Healthcare Limited Board Charter,https://investorcentre.sigmahealthcare.com.au/static-files/1ebb18d5-9a9b-45e9-8668-70ac401eb824
https://investorcentre.sigmahealthcare.com.au/corporate-governance/governance-documents,Sigma Privacy Policy 2017,http://sigmahealthcare.com.au/app/uploads/2016/01/Sigma-Privacy-Policy-2017.pdf
https://www.tatasteel.com/investors/integrated-reportannual-report/118-integrated-annual-report-2024-25/,fy25 integratedreport,https://www.tatasteel.com/media/23973/fy25-integratedreport.pdf
https://www.tatasteel.com/investors/integrated-reportannual-report/118-integrated-annual-report-2024-25/,noticeofagm,https://www.tatasteel.com/media/23968/noticeofagm.pdf
https://www.tatasteel.com/investors/integrated-reportannual-report/118-integrated-annual-report-2024-25/,familiarization programme ids 2025,https://www.tatasteel.com/media/25697/familiarization-programme-ids-2025.pdf
https://www.tatasteel.com/investors/integrated-reportannual-report/118-integrated-annual-report-2024-25/,Business Responsibility and Sustainability Report FY 2024-25,https://www.tatasteel.com/media/23967/brsr.pdf
https://www.tatasteel.com/investors/integrated-reportannual-report/118-integrated-annual-report-2024-25/,limited assurance,https://www.tatasteel.com/media/23948/limited-assurance.pdf
https://www.tatasteel.com/investors/integrated-reportannual-report/118-integrated-annual-report-2024-25/,reasonable assurance,https://www.tatasteel.com/media/23949/reasonable-assurance.pdf
https://www.tatasteel.com/investors/integrated-reportannual-report/118-integrated-annual-report-2024-25/,tnfd report 2025,https://www.tatasteel.com/media/24232/tnfd-report-2025.pdf
https://www.tatasteel.com/investors/integrated-reportannual-report/118-integrated-annual-report-2024-25/,annual return mgt 7,https://www.tatasteel.com/media/24552/annual-return-mgt-7.pdf
https://www.tatasteel.com/investors/integrated-reportannual-report/118-integrated-annual-report-2024-25/,english advertisement pre dispatch,https://www.tatasteel.com/media/23966/english-advertisement-pre-dispatch.pdf
https://www.tatasteel.com/investors/integrated-reportannual-report/118-integrated-annual-report-2024-25/,marathi advertisement pre dispatch,https://www.tatasteel.com/media/23965/marathi-advertisement-pre-dispatch.pdf
https://www.tatasteel.com/investors/integrated-reportannual-report/118-integrated-annual-report-2024-25/,english advertisement,https://www.tatasteel.com/media/24036/english-advertisement.pdf
https://www.tatasteel.com/investors/integrated-reportannual-report/118-integrated-annual-report-2024-25/,marathi advertisement,https://www.tatasteel.com/media/24037/marathi-advertisement.pdf
https://www.tatasteel.com/sustainability/governance/taskforce-on-nature-related-financial-disclosures-tnfd-reports/,tnfd report 2025,https://www.tatasteel.com/media/24232/tnfd-report-2025.pdf
https://www.kfh.com/en/home/Investor-Relations/Annual-Reports/Annual-Reports.html,KFH Annual Report En 2025 (Draft 17) Web,https://www.kfh.com/en/reports/kuwait/Annual-Reports/Annual-Report-2025/document_en/KFH%20Annual%20Report%20En%202025%20(Draft-17)%20Web.pdf.pdf
https://www.kfh.com/en/home/Investor-Relations/Annual-Reports/Annual-Reports.html,KFH Annual Report En 2024 (Draft 16),https://www.kfh.com/en/reports/kuwait/Annual-Reports/Annual-Report-2024/document_en/KFH%20Annual%20Report%20En%202024%20(Draft-16).pdf.pdf
https://www.kfh.com/en/home/Investor-Relations/Annual-Reports/Annual-Reports.html,KFH Annual Report En 2023,https://www.kfh.com/en/reports/kuwait/Annual-Reports/Annual-Report-2023/document_en/KFH%20Annual%20Report%20En%202023.pdf.pdf
https://www.kfh.com/en/home/Investor-Relations/Annual-Reports/Annual-Reports.html,KFH Annual Report En 2022 21Feb23,https://www.kfh.com/en/reports/kuwait/Annual-Reports/Annual-Report-2022/document_en_en/KFH%20Annual%20Report%20En%202022-21Feb23.pdf.pdf
https://www.kfh.com/en/home/Investor-Relations/Annual-Reports/Annual-Reports.html,KFH Tariff List Poster En 2026,https://www.kfh.com/dam/jcr:facb4a64-c65f-47d7-affc-f5e019acfda4/KFH%20Tariff%20List%20Poster%20En-2026.pdf
https://www.kfh.com/en/home/Investor-Relations/Annual-Reports/Annual-Reports.html,Prvate Policy English,https://www.kfh.com/dam/jcr:a4891669-5c20-4b6e-9195-5f86ba27db9a/Prvate%20Policy%20English.pdf
https://www.kfh.com/en/home/Investor-Relations/Sustainability.html,KFH+Sustainability+Report+2025,https://www.kfh.com/dam/jcr:6d21db7a-84cb-4487-b3f2-7bcf64d4c382/KFH+Sustainability+Report+2025.pdf
https://www.kfh.com/en/home/Investor-Relations/Sustainability.html,KFH Sustainability Report 2024 with Assurance,https://www.kfh.com/dam/jcr:c938b7d5-506e-4c8e-b05f-5f2da9f9cc5d/KFH%20Sustainability%20Report%202024%20with%20Assurance.pdf
https://www.kfh.com/en/home/Investor-Relations/Sustainability.html,KFH Sustainability Report ',https://www.kfh.com/dam/jcr:5b5ed26d-ff67-442c-ac96-9777e19283d4/KFH%20Sustainability%20Report%20&%23039;23%20with%20Assurance%20Letter%20-%20reduced%20size.pdf
https://www.kfh.com/en/home/Investor-Relations/Sustainability.html,KFH Sustainability Report 2022.,https://www.kfh.com/dam/jcr:7b97dc4b-f15d-49a5-a976-dc692effbf08/KFH%20Sustainability%20Report%202022..pdf
https://www.kfh.com/en/home/Investor-Relations/Sustainability.html,KFH Sustainability Report 2021 (03May23),https://www.kfh.com/dam/jcr:a519f5e2-0eb6-43cd-b82c-92b542ac35cc/KFH%20Sustainability%20Report%202021%20(03May23).pdf
https://www.kfh.com/en/home/Investor-Relations/Sustainability.html,KFH Sustainability Report (En) 2019 2020,https://www.kfh.com/dam/jcr:246eeaff-f23a-4fb0-b1cc-e702c6853c07/KFH%20Sustainability%20Report%20(En)%202019-2020.pdf
https://www.kfh.com/en/home/Investor-Relations/Sustainability.html,181217 KFH CSR Online Eng fv,https://www.kfh.com/reports/Sustainability-Reports/Sustainability-Report---2017/document/181217%20KFH%20CSR%20Online%20Eng%20fv.pdf.pdf
https://www.kfh.com/en/home/Investor-Relations/Sustainability.html,Sustainability Report 2016,https://www.kfh.com/reports/Sustainability-Reports/Sustainability-Report---2016/document/Sustainability%20Report%202016.pdf.pdf
https://www.kfh.com/en/home/Investor-Relations/Sustainability.html,Sustainability Report 2015 ar,https://www.kfh.com/reports/Sustainability-Reports/Sustainability-Report---2015/document/Sustainability_Report_2015_ar.pdf.pdf
https://www.kfh.com/en/home/Investor-Relations/Sustainability.html,English,https://www.kfh.com/reports/Sustainability-Reports/Sustainability-Report-2014/document/English.pdf.pdf
https://www.kfh.com/en/home/Investor-Relations/Sustainability.html,Sustainability Report 2013,https://www.kfh.com/reports/Sustainability-Reports/Sustainability-Report-2013/document/Sustainability%20Report%202013.pdf.pdf
https://www.kfh.com/en/home/Investor-Relations/Sustainability.html,English,https://www.kfh.com/reports/Sustainability-Reports/Sustainability-Report-2012/document/English.pdf.pdf
https://www.kfh.com/en/home/Investor-Relations/Sustainability.html,English,https://www.kfh.com/reports/Sustainability-Reports/Sustainability-Report-2011/document/English.pdf.pdf
https://www.kfh.com/en/home/Investor-Relations/Sustainability.html,KFH CARBON FOOTPRINT REPORT 2022 (2),https://www.kfh.com/dam/jcr:ff044d7d-e7f3-456c-a80b-180f39f65745/KFH%20CARBON%20FOOTPRINT%20REPORT%202022%20(2).pdf
https://www.kfh.com/en/home/Investor-Relations/Sustainability.html,KFH CFP Report 2023.,https://www.kfh.com/dam/jcr:c2e277e2-dd71-44af-949b-943fa0bbe1e1/KFH%20CFP%20Report%202023..pdf
https://www.kfh.com/en/home/Investor-Relations/Sustainability.html,KFH+CFP+Report+2024,https://www.kfh.com/dam/jcr:e2998c23-1892-423a-96b2-bd984dce5044/KFH+CFP+Report+2024.pdf
https://www.kfh.com/en/home/Investor-Relations/Sustainability.html,KFH Tariff List Poster En 2026,https://www.kfh.com/dam/jcr:facb4a64-c65f-47d7-affc-f5e019acfda4/KFH%20Tariff%20List%20Poster%20En-2026.pdf
https://www.kfh.com/en/home/Investor-Relations/Sustainability.html,Prvate Policy English,https://www.kfh.com/dam/jcr:a4891669-5c20-4b6e-9195-5f86ba27db9a/Prvate%20Policy%20English.pdf
https://www.publicbankgroup.com/sustainability/sustainability-disclosures/,pbb ar2025 sr,https://www.publicbankgroup.com/media/whnjstsm/pbb-ar2025-sr.pdf
https://www.publicbankgroup.com/sustainability/sustainability-disclosures/,2025sustainability performance data table,https://www.publicbankgroup.com/media/iysj1cef/2025sustainability-performance-data-table.pdf
https://www.publicbankgroup.com/sustainability/sustainability-disclosures/,gri content index 2026,https://www.publicbankgroup.com/media/540f1v0g/gri-content-index-2026.pdf
https://www.publicbankgroup.com/sustainability/sustainability-disclosures/,sasb content 2026,https://www.publicbankgroup.com/media/f1covuu0/sasb-content-2026.pdf
https://www.publicbankgroup.com/sustainability/sustainability-disclosures/,ifrs s2 content index web version,https://www.publicbankgroup.com/media/cc2bmwjf/ifrs-s2-content-index_web-version.pdf
https://www.publicbankgroup.com/sustainability/sustainability-disclosures/,public bank group esg statement,https://www.publicbankgroup.com/media/z2xa3bmp/public-bank-group-esg-statement.pdf
https://www.publicbankgroup.com/sustainability/sustainability-disclosures/,2024 public bank group vendor coc,https://www.publicbankgroup.com/media/asgm33z0/2024-public-bank-group-vendor-coc.pdf
https://www.publicbankgroup.com/sustainability/sustainability-disclosures/,public bank sustainable finance framework,https://www.publicbankgroup.com/media/ylrltiwu/public-bank-sustainable-finance-framework.pdf
https://www.publicbankgroup.com/sustainability/sustainability-disclosures/,public bank high esg risk sector hers position statement,https://www.publicbankgroup.com/media/ivpbxuks/public-bank-high-esg-risk-sector-hers-position-statement.pdf
https://www.publicbankgroup.com/sustainability/sustainability-disclosures/,public bank groups human rights policy 2025,https://www.publicbankgroup.com/media/ucqb1rg0/public-bank-groups-human-rights-policy-2025.pdf
https://www.publicbankgroup.com/sustainability/sustainability-disclosures/,wechat pbb,https://www.pbebank.com/media/ctug2iga/wechat_pbb.pdf?nodeguid=2e33ae21-4636-474a-9afe-26120e9a3a8d&lang=en-US&ext=.pdf?nodeguid=2e33ae21-4636-474a-9afe-26120e9a3a8d&lang=en-US&ext=.pdf
https://www.publicbankgroup.com/investor-relations/general-meetings/2025/,1 minutes of pbb 59th,https://www.publicbankgroup.com/media/taua0jam/1-minutes-of-pbb-59th.pdf
https://www.publicbankgroup.com/investor-relations/general-meetings/2025/,2 presentation slides on pbb groups performance in 2024,https://www.publicbankgroup.com/media/gnch4mjt/2-presentation-slides-on-pbb-groups-performance-in-2024.pdf
https://www.publicbankgroup.com/investor-relations/general-meetings/2025/,3 attachment i summary of questions submitted before agm,https://www.publicbankgroup.com/media/t53i21ec/3-attachment-i-summary-of-questions-submitted-before-agm.pdf
https://www.publicbankgroup.com/investor-relations/general-meetings/2025/,4 attachment ii summary of questions online during agm,https://www.publicbankgroup.com/media/jyrn5wfa/4-attachment-ii-summary-of-questions-online-during-agm.pdf
https://www.publicbankgroup.com/investor-relations/general-meetings/2025/,5 attachment iii summary of questions posed by shareholders and proxies present in person at agm,https://www.publicbankgroup.com/media/0rijdqpg/5-attachment-iii-summary-of-questions-posed-by-shareholders-and-proxies-present-in-person-at-agm.pdf
https://www.publicbankgroup.com/investor-relations/general-meetings/2025/,notice of agm 2025,https://www.publicbankgroup.com/media/iquhwn5y/notice-of-agm-2025.pdf
https://www.publicbankgroup.com/investor-relations/general-meetings/2025/,administrative details 2025,https://www.publicbankgroup.com/media/sdkluwcw/administrative-details-2025.pdf
https://www.publicbankgroup.com/investor-relations/general-meetings/2025/,form of proxy 2025,https://www.publicbankgroup.com/media/ub1hwm4k/form-of-proxy-2025.pdf
https://www.publicbankgroup.com/investor-relations/general-meetings/2025/,wechat pbb,https://www.pbebank.com/media/ctug2iga/wechat_pbb.pdf?nodeguid=2e33ae21-4636-474a-9afe-26120e9a3a8d&lang=en-US&ext=.pdf?nodeguid=2e33ae21-4636-474a-9afe-26120e9a3a8d&lang=en-US&ext=.pdf
https://www.publicbankgroup.com/investor-relations/general-meetings/2026/,notice of agm 2026,https://www.publicbankgroup.com/media/10umvocz/notice-of-agm-2026.pdf
https://www.publicbankgroup.com/investor-relations/general-meetings/2026/,administrative details 2026,https://www.publicbankgroup.com/media/vb4p0lzy/administrative-details-2026.pdf
https://www.publicbankgroup.com/investor-relations/general-meetings/2026/,form of proxy 2026,https://www.publicbankgroup.com/media/o0ynaumt/form-of-proxy-2026.pdf
https://www.publicbankgroup.com/investor-relations/general-meetings/2026/,statement to shareholders 2026 egm,https://www.publicbankgroup.com/media/ngsfpvww/statement-to-shareholders-2026-egm.pdf
https://www.publicbankgroup.com/investor-relations/general-meetings/2026/,notice of egm,https://www.publicbankgroup.com/media/2jidr0t0/notice-of-egm.pdf
https://www.publicbankgroup.com/investor-relations/general-meetings/2026/,administrative details 2026 egm,https://www.publicbankgroup.com/media/rz4ckboc/administrative-details-2026-egm.pdf
https://www.publicbankgroup.com/investor-relations/general-meetings/2026/,form of proxy egm 2026,https://www.publicbankgroup.com/media/yckntsqs/form-of-proxy-egm-2026.pdf
https://www.publicbankgroup.com/investor-relations/general-meetings/2026/,wechat pbb,https://www.pbebank.com/media/ctug2iga/wechat_pbb.pdf?nodeguid=2e33ae21-4636-474a-9afe-26120e9a3a8d&lang=en-US&ext=.pdf?nodeguid=2e33ae21-4636-474a-9afe-26120e9a3a8d&lang=en-US&ext=.pdf
